Workbook

Sheet GIMP_Coords
A1: Location | B1: x_size | C1: y_size | D1: TL_X | E1: TL_Y | F1: BL_X | G1: BL_Y | H1: BR_X | I1: BR_Y | J1: TR_X | K1: TR_Y | L1: TL_Coord | M1: BL_Coord | N1: BR_Coord | O1: TR_Coord | P1: Full_Coord
A2: Route 101 | B2: 18 | C2: 45 | D2: 230 | E2: 508 | F2: =D2 -> 230 | G2: =E2+C2 -> 553 | H2: =D2+B2 -> 248 | I2: =G2 -> 553 | J2: =H2 -> 248 | K2: =E2 -> 508 | L2: =_xlfn.CONCAT("[", E2, ",", D2, "]") -> [508,230] | M2: =_xlfn.CONCAT("[", G2, ",", F2, "]") -> [553,230] | N2: =_xlfn.CONCAT("[", I2, ",", H2, "]") -> [553,248] | O2: =_xlfn.CONCAT("[", K2, ",", J2, "]") -> [508,248] | P2: =_xlfn.CONCAT(L2, ",", M2, ",", N2, ",", O2, ",", L2) -> [508,230],[553,230],[553,248],[508,248],[508,230]
A3: Route 102 | B3: 63 | C3: 27 | D3: 166 | E3: 482 | F3: =D3 -> 166 | G3: =E3+C3 -> 509 | H3: =D3+B3 -> 229 | I3: =G3 -> 509 | J3: =H3 -> 229 | K3: =E3 -> 482 | L3: =_xlfn.CONCAT("[", E3, ",", D3, "]") -> [482,166] | M3: =_xlfn.CONCAT("[", G3, ",", F3, "]") -> [509,166] | N3: =_xlfn.CONCAT("[", I3, ",", H3, "]") -> [509,229] | O3: =_xlfn.CONCAT("[", K3, ",", J3, "]") -> [482,229] | P3: =_xlfn.CONCAT(L3, ",", M3, ",", N3, ",", O3, ",", L3) -> [482,166],[509,166],[509,229],[482,229],[482,166]
A4: Route 104 - 1 | B4: 94 | C4: 51 | D4: 49 | E4: 480 | F4: =D4 -> 49 | G4: =E4+C4 -> 531 | H4: =D4+B4 -> 143 | I4: =G4 -> 531 | J4: =H4 -> 143 | K4: =E4 -> 480 | L4: =_xlfn.CONCAT("[", E4, ",", D4, "]") -> [480,49] | M4: =_xlfn.CONCAT("[", G4, ",", F4, "]") -> [531,49] | N4: =_xlfn.CONCAT("[", I4, ",", H4, "]") -> [531,143] | O4: =_xlfn.CONCAT("[", K4, ",", J4, "]") -> [480,143] | P4: =_xlfn.CONCAT(L4, ",", M4, ",", N4, ",", O4, ",", L4) -> [480,49],[531,49],[531,143],[480,143],[480,49]
A5: Route 104 - 2 | B5: 51 | C5: 77 | D5: 75 | E5: 380 | F5: =D5 -> 75 | G5: =E5+C5 -> 457 | H5: =D5+B5 -> 126 | I5: =G5 -> 457 | J5: =H5 -> 126 | K5: =E5 -> 380 | L5: =_xlfn.CONCAT("[", E5, ",", D5, "]") -> [380,75] | M5: =_xlfn.CONCAT("[", G5, ",", F5, "]") -> [457,75] | N5: =_xlfn.CONCAT("[", I5, ",", H5, "]") -> [457,126] | O5: =_xlfn.CONCAT("[", K5, ",", J5, "]") -> [380,126] | P5: =_xlfn.CONCAT(L5, ",", M5, ",", N5, ",", O5, ",", L5) -> [380,75],[457,75],[457,126],[380,126],[380,75]
A6: Route 115 | B6: 51 | C6: 83 | D6: 81 | E6: 242 | F6: =D6 -> 81 | G6: =E6+C6 -> 325 | H6: =D6+B6 -> 132 | I6: =G6 -> 325 | J6: =H6 -> 132 | K6: =E6 -> 242 | L6: =_xlfn.CONCAT("[", E6, ",", D6, "]") -> [242,81] | M6: =_xlfn.CONCAT("[", G6, ",", F6, "]") -> [325,81] | N6: =_xlfn.CONCAT("[", I6, ",", H6, "]") -> [325,132] | O6: =_xlfn.CONCAT("[", K6, ",", J6, "]") -> [242,132] | P6: =_xlfn.CONCAT(L6, ",", M6, ",", N6, ",", O6, ",", L6) -> [242,81],[325,81],[325,132],[242,132],[242,81]
A7: Route 116 | B7: 89 | C7: 18 | D7: 93 | E7: 331 | F7: =D7 -> 93 | G7: =E7+C7 -> 349 | H7: =D7+B7 -> 182 | I7: =G7 -> 349 | J7: =H7 -> 182 | K7: =E7 -> 331 | L7: =_xlfn.CONCAT("[", E7, ",", D7, "]") -> [331,93] | M7: =_xlfn.CONCAT("[", G7, ",", F7, "]") -> [349,93] | N7: =_xlfn.CONCAT("[", I7, ",", H7, "]") -> [349,182] | O7: =_xlfn.CONCAT("[", K7, ",", J7, "]") -> [331,182] | P7: =_xlfn.CONCAT(L7, ",", M7, ",", N7, ",", O7, ",", L7) -> [331,93],[349,93],[349,182],[331,182],[331,93]
A8: Route 103 - 1 | B8: 25 | C8: 56 | D8: 233 | E8: 427 | F8: =D8 -> 233 | G8: =E8+C8 -> 483 | H8: =D8+B8 -> 258 | I8: =G8 -> 483 | J8: =H8 -> 258 | K8: =E8 -> 427 | L8: =_xlfn.CONCAT("[", E8, ",", D8, "]") -> [427,233] | M8: =_xlfn.CONCAT("[", G8, ",", F8, "]") -> [483,233] | N8: =_xlfn.CONCAT("[", I8, ",", H8, "]") -> [483,258] | O8: =_xlfn.CONCAT("[", K8, ",", J8, "]") -> [427,258] | P8: =_xlfn.CONCAT(L8, ",", M8, ",", N8, ",", O8, ",", L8) -> [427,233],[483,233],[483,258],[427,258],[427,233]
A9: Route 103 - 2 | B9: 81 | C9: 16 | D9: 258 | E9: 427 | F9: =D9 -> 258 | G9: =E9+C9 -> 443 | H9: =D9+B9 -> 339 | I9: =G9 -> 443 | J9: =H9 -> 339 | K9: =E9 -> 427 | L9: =_xlfn.CONCAT("[", E9, ",", D9, "]") -> [427,258] | M9: =_xlfn.CONCAT("[", G9, ",", F9, "]") -> [443,258] | N9: =_xlfn.CONCAT("[", I9, ",", H9, "]") -> [443,339] | O9: =_xlfn.CONCAT("[", K9, ",", J9, "]") -> [427,339] | P9: =_xlfn.CONCAT(L9, ",", M9, ",", N9, ",", O9, ",", L9) -> [427,258],[443,258],[443,339],[427,339],[427,258]
A10: Route 110 | B10: 65 | C10: 189 | D10: 342 | E10: 327 | F10: =D10 -> 342 | G10: =E10+C10 -> 516 | H10: =D10+B10 -> 407 | I10: =G10 -> 516 | J10: =H10 -> 407 | K10: =E10 -> 327 | L10: =_xlfn.CONCAT("[", E10, ",", D10, "]") -> [327,342] | M10: =_xlfn.CONCAT("[", G10, ",", F10, "]") -> [516,342] | N10: =_xlfn.CONCAT("[", I10, ",", H10, "]") -> [516,407] | O10: =_xlfn.CONCAT("[", K10, ",", J10, "]") -> [327,407] | P10: =_xlfn.CONCAT(L10, ",", M10, ",", N10, ",", O10, ",", L10) -> [327,342],[516,342],[516,407],[327,407],[327,342]
A11: Route 109 | B11: 76 | C11: 131 | D11: 341 | E11: 585 | F11: =D11 -> 341 | G11: =E11+C11 -> 716 | H11: =D11+B11 -> 417 | I11: =G11 -> 716 | J11: =H11 -> 417 | K11: =E11 -> 585 | L11: =_xlfn.CONCAT("[", E11, ",", D11, "]") -> [585,341] | M11: =_xlfn.CONCAT("[", G11, ",", F11, "]") -> [716,341] | N11: =_xlfn.CONCAT("[", I11, ",", H11, "]") -> [716,417] | O11: =_xlfn.CONCAT("[", K11, ",", J11, "]") -> [585,417] | P11: =_xlfn.CONCAT(L11, ",", M11, ",", N11, ",", O11, ",", L11) -> [585,341],[716,341],[716,417],[585,417],[585,341]
A12: Route 108 | B12: 68 | C12: 34 | D12: 270 | E12: 692 | F12: =D12 -> 270 | G12: =E12+C12 -> 726 | H12: =D12+B12 -> 338 | I12: =G12 -> 726 | J12: =H12 -> 338 | K12: =E12 -> 692 | L12: =_xlfn.CONCAT("[", E12, ",", D12, "]") -> [692,270] | M12: =_xlfn.CONCAT("[", G12, ",", F12, "]") -> [726,270] | N12: =_xlfn.CONCAT("[", I12, ",", H12, "]") -> [726,338] | O12: =_xlfn.CONCAT("[", K12, ",", J12, "]") -> [692,338] | P12: =_xlfn.CONCAT(L12, ",", M12, ",", N12, ",", O12, ",", L12) -> [692,270],[726,270],[726,338],[692,338],[692,270]
A13: Route 107 | B13: 91 | C13: 31 | D13: 175 | E13: 700 | F13: =D13 -> 175 | G13: =E13+C13 -> 731 | H13: =D13+B13 -> 266 | I13: =G13 -> 731 | J13: =H13 -> 266 | K13: =E13 -> 700 | L13: =_xlfn.CONCAT("[", E13, ",", D13, "]") -> [700,175] | M13: =_xlfn.CONCAT("[", G13, ",", F13, "]") -> [731,175] | N13: =_xlfn.CONCAT("[", I13, ",", H13, "]") -> [731,266] | O13: =_xlfn.CONCAT("[", K13, ",", J13, "]") -> [700,266] | P13: =_xlfn.CONCAT(L13, ",", M13, ",", N13, ",", O13, ",", L13) -> [700,175],[731,175],[731,266],[700,266],[700,175]
... A41: Route 134 | B41: 131 | C41: 56 | D41: 417 | E41: 488 | F41: =D41 -> 417 | G41: =E41+C41 -> 544 | H41: =D41+B41 -> 548 | I41: =G41 -> 544 | J41: =H41 -> 548 | K41: =E41 -> 488 | L41: =_xlfn.CONCAT("[", E41, ",", D41, "]") -> [488,417] | M41: =_xlfn.CONCAT("[", G41, ",", F41, "]") -> [544,417] | N41: =_xlfn.CONCAT("[", I41, ",", H41, "]") -> [544,548] | O41: =_xlfn.CONCAT("[", K41, ",", J41, "]") -> [488,548] | P41: =_xlfn.CONCAT(L41, ",", M41, ",", N41, ",", O41, ",", L41) -> [488,417],[544,417],[544,548],[488,548],[488,417]

Sheet Leaflet_Coords
A1: Location | B1: x_size | C1: y_size | D1: TL_X | E1: TL_Y | F1: BL_X | G1: BL_Y | H1: BR_X | I1: BR_Y | J1: TR_X | K1: TR_Y | L1: TL_Coord | M1: BL_Coord | N1: BR_Coord | O1: TR_Coord | P1: Full_Coord
A2: Route 101 | B2: 18 | C2: 45 | D2: 230 | E2: =800-GIMP_Coords!E2 -> 292 | F2: =D2 -> 230 | G2: =800-GIMP_Coords!G2 -> 247 | H2: =D2+B2 -> 248 | I2: =800-GIMP_Coords!I2 -> 247 | J2: =H2 -> 248 | K2: =800-GIMP_Coords!K2 -> 292 | L2: =_xlfn.CONCAT("[", E2, ",", D2, "]") -> [292,230] | M2: =_xlfn.CONCAT("[", G2, ",", F2, "]") -> [247,230] | N2: =_xlfn.CONCAT("[", I2, ",", H2, "]") -> [247,248] | O2: =_xlfn.CONCAT("[", K2, ",", J2, "]") -> [292,248] | P2: =_xlfn.CONCAT(L2, ",", M2, ",", N2, ",", O2, ",", L2) -> [292,230],[247,230],[247,248],[292,248],[292,230]
A3: Route 102 | B3: 63 | C3: 27 | D3: 166 | E3: =800-GIMP_Coords!E3 -> 318 | F3: =D3 -> 166 | G3: =800-GIMP_Coords!G3 -> 291 | H3: =D3+B3 -> 229 | I3: =800-GIMP_Coords!I3 -> 291 | J3: =H3 -> 229 | K3: =800-GIMP_Coords!K3 -> 318 | L3: =_xlfn.CONCAT("[", E3, ",", D3, "]") -> [318,166] | M3: =_xlfn.CONCAT("[", G3, ",", F3, "]") -> [291,166] | N3: =_xlfn.CONCAT("[", I3, ",", H3, "]") -> [291,229] | O3: =_xlfn.CONCAT("[", K3, ",", J3, "]") -> [318,229] | P3: =_xlfn.CONCAT(L3, ",", M3, ",", N3, ",", O3, ",", L3) -> [318,166],[291,166],[291,229],[318,229],[318,166]
A4: Route 104 - 1 | B4: 94 | C4: 51 | D4: 49 | E4: =800-GIMP_Coords!E4 -> 320 | F4: =D4 -> 49 | G4: =800-GIMP_Coords!G4 -> 269 | H4: =D4+B4 -> 143 | I4: =800-GIMP_Coords!I4 -> 269 | J4: =H4 -> 143 | K4: =800-GIMP_Coords!K4 -> 320 | L4: =_xlfn.CONCAT("[", E4, ",", D4, "]") -> [320,49] | M4: =_xlfn.CONCAT("[", G4, ",", F4, "]") -> [269,49] | N4: =_xlfn.CONCAT("[", I4, ",", H4, "]") -> [269,143] | O4: =_xlfn.CONCAT("[", K4, ",", J4, "]") -> [320,143] | P4: =_xlfn.CONCAT(L4, ",", M4, ",", N4, ",", O4, ",", L4) -> [320,49],[269,49],[269,143],[320,143],[320,49]
A5: Route 104 - 2 | B5: 51 | C5: 77 | D5: 75 | E5: =800-GIMP_Coords!E5 -> 420 | F5: =D5 -> 75 | G5: =800-GIMP_Coords!G5 -> 343 | H5: =D5+B5 -> 126 | I5: =800-GIMP_Coords!I5 -> 343 | J5: =H5 -> 126 | K5: =800-GIMP_Coords!K5 -> 420 | L5: =_xlfn.CONCAT("[", E5, ",", D5, "]") -> [420,75] | M5: =_xlfn.CONCAT("[", G5, ",", F5, "]") -> [343,75] | N5: =_xlfn.CONCAT("[", I5, ",", H5, "]") -> [343,126] | O5: =_xlfn.CONCAT("[", K5, ",", J5, "]") -> [420,126] | P5: =_xlfn.CONCAT(L5, ",", M5, ",", N5, ",", O5, ",", L5) -> [420,75],[343,75],[343,126],[420,126],[420,75]
A6: Route 115 | B6: 51 | C6: 83 | D6: 81 | E6: =800-GIMP_Coords!E6 -> 558 | F6: =D6 -> 81 | G6: =800-GIMP_Coords!G6 -> 475 | H6: =D6+B6 -> 132 | I6: =800-GIMP_Coords!I6 -> 475 | J6: =H6 -> 132 | K6: =800-GIMP_Coords!K6 -> 558 | L6: =_xlfn.CONCAT("[", E6, ",", D6, "]") -> [558,81] | M6: =_xlfn.CONCAT("[", G6, ",", F6, "]") -> [475,81] | N6: =_xlfn.CONCAT("[", I6, ",", H6, "]") -> [475,132] | O6: =_xlfn.CONCAT("[", K6, ",", J6, "]") -> [558,132] | P6: =_xlfn.CONCAT(L6, ",", M6, ",", N6, ",", O6, ",", L6) -> [558,81],[475,81],[475,132],[558,132],[558,81]
A7: Route 116 | B7: 89 | C7: 18 | D7: 93 | E7: =800-GIMP_Coords!E7 -> 469 | F7: =D7 -> 93 | G7: =800-GIMP_Coords!G7 -> 451 | H7: =D7+B7 -> 182 | I7: =800-GIMP_Coords!I7 -> 451 | J7: =H7 -> 182 | K7: =800-GIMP_Coords!K7 -> 469 | L7: =_xlfn.CONCAT("[", E7, ",", D7, "]") -> [469,93] | M7: =_xlfn.CONCAT("[", G7, ",", F7, "]") -> [451,93] | N7: =_xlfn.CONCAT("[", I7, ",", H7, "]") -> [451,182] | O7: =_xlfn.CONCAT("[", K7, ",", J7, "]") -> [469,182] | P7: =_xlfn.CONCAT(L7, ",", M7, ",", N7, ",", O7, ",", L7) -> [469,93],[451,93],[451,182],[469,182],[469,93]
A8: Route 103 - 1 | B8: 25 | C8: 56 | D8: 233 | E8: =800-GIMP_Coords!E8 -> 373 | F8: =D8 -> 233 | G8: =800-GIMP_Coords!G8 -> 317 | H8: =D8+B8 -> 258 | I8: =800-GIMP_Coords!I8 -> 317 | J8: =H8 -> 258 | K8: =800-GIMP_Coords!K8 -> 373 | L8: =_xlfn.CONCAT("[", E8, ",", D8, "]") -> [373,233] | M8: =_xlfn.CONCAT("[", G8, ",", F8, "]") -> [317,233] | N8: =_xlfn.CONCAT("[", I8, ",", H8, "]") -> [317,258] | O8: =_xlfn.CONCAT("[", K8, ",", J8, "]") -> [373,258] | P8: =_xlfn.CONCAT(L8, ",", M8, ",", N8, ",", O8, ",", L8) -> [373,233],[317,233],[317,258],[373,258],[373,233]
A9: Route 103 - 2 | B9: 81 | C9: 16 | D9: 258 | E9: =800-GIMP_Coords!E9 -> 373 | F9: =D9 -> 258 | G9: =800-GIMP_Coords!G9 -> 357 | H9: =D9+B9 -> 339 | I9: =800-GIMP_Coords!I9 -> 357 | J9: =H9 -> 339 | K9: =800-GIMP_Coords!K9 -> 373 | L9: =_xlfn.CONCAT("[", E9, ",", D9, "]") -> [373,258] | M9: =_xlfn.CONCAT("[", G9, ",", F9, "]") -> [357,258] | N9: =_xlfn.CONCAT("[", I9, ",", H9, "]") -> [357,339] | O9: =_xlfn.CONCAT("[", K9, ",", J9, "]") -> [373,339] | P9: =_xlfn.CONCAT(L9, ",", M9, ",", N9, ",", O9, ",", L9) -> [373,258],[357,258],[357,339],[373,339],[373,258]
A10: Route 110 | B10: 65 | C10: 189 | D10: 342 | E10: =800-GIMP_Coords!E10 -> 473 | F10: =D10 -> 342 | G10: =800-GIMP_Coords!G10 -> 284 | H10: =D10+B10 -> 407 | I10: =800-GIMP_Coords!I10 -> 284 | J10: =H10 -> 407 | K10: =800-GIMP_Coords!K10 -> 473 | L10: =_xlfn.CONCAT("[", E10, ",", D10, "]") -> [473,342] | M10: =_xlfn.CONCAT("[", G10, ",", F10, "]") -> [284,342] | N10: =_xlfn.CONCAT("[", I10, ",", H10, "]") -> [284,407] | O10: =_xlfn.CONCAT("[", K10, ",", J10, "]") -> [473,407] | P10: =_xlfn.CONCAT(L10, ",", M10, ",", N10, ",", O10, ",", L10) -> [473,342],[284,342],[284,407],[473,407],[473,342]
A11: Route 109 | B11: 76 | C11: 131 | D11: 341 | E11: =800-GIMP_Coords!E11 -> 215 | F11: =D11 -> 341 | G11: =800-GIMP_Coords!G11 -> 84 | H11: =D11+B11 -> 417 | I11: =800-GIMP_Coords!I11 -> 84 | J11: =H11 -> 417 | K11: =800-GIMP_Coords!K11 -> 215 | L11: =_xlfn.CONCAT("[", E11, ",", D11, "]") -> [215,341] | M11: =_xlfn.CONCAT("[", G11, ",", F11, "]") -> [84,341] | N11: =_xlfn.CONCAT("[", I11, ",", H11, "]") -> [84,417] | O11: =_xlfn.CONCAT("[", K11, ",", J11, "]") -> [215,417] | P11: =_xlfn.CONCAT(L11, ",", M11, ",", N11, ",", O11, ",", L11) -> [215,341],[84,341],[84,417],[215,417],[215,341]
A12: Route 108 | B12: 68 | C12: 34 | D12: 270 | E12: =800-GIMP_Coords!E12 -> 108 | F12: =D12 -> 270 | G12: =800-GIMP_Coords!G12 -> 74 | H12: =D12+B12 -> 338 | I12: =800-GIMP_Coords!I12 -> 74 | J12: =H12 -> 338 | K12: =800-GIMP_Coords!K12 -> 108 | L12: =_xlfn.CONCAT("[", E12, ",", D12, "]") -> [108,270] | M12: =_xlfn.CONCAT("[", G12, ",", F12, "]") -> [74,270] | N12: =_xlfn.CONCAT("[", I12, ",", H12, "]") -> [74,338] | O12: =_xlfn.CONCAT("[", K12, ",", J12, "]") -> [108,338] | P12: =_xlfn.CONCAT(L12, ",", M12, ",", N12, ",", O12, ",", L12) -> [108,270],[74,270],[74,338],[108,338],[108,270]
A13: Route 107 | B13: 91 | C13: 31 | D13: 175 | E13: =800-GIMP_Coords!E13 -> 100 | F13: =D13 -> 175 | G13: =800-GIMP_Coords!G13 -> 69 | H13: =D13+B13 -> 266 | I13: =800-GIMP_Coords!I13 -> 69 | J13: =H13 -> 266 | K13: =800-GIMP_Coords!K13 -> 100 | L13: =_xlfn.CONCAT("[", E13, ",", D13, "]") -> [100,175] | M13: =_xlfn.CONCAT("[", G13, ",", F13, "]") -> [69,175] | N13: =_xlfn.CONCAT("[", I13, ",", H13, "]") -> [69,266] | O13: =_xlfn.CONCAT("[", K13, ",", J13, "]") -> [100,266] | P13: =_xlfn.CONCAT(L13, ",", M13, ",", N13, ",", O13, ",", L13) -> [100,175],[69,175],[69,266],[100,266],[100,175]
... A41: Route 134 | B41: 131 | C41: 56 | D41: 417 | E41: =800-GIMP_Coords!E41 -> 312 | F41: =D41 -> 417 | G41: =800-GIMP_Coords!G41 -> 256 | H41: =D41+B41 -> 548 | I41: =800-GIMP_Coords!I41 -> 256 | J41: =H41 -> 548 | K41: =800-GIMP_Coords!K41 -> 312 | L41: =_xlfn.CONCAT("[", E41, ",", D41, "]") -> [312,417] | M41: =_xlfn.CONCAT("[", G41, ",", F41, "]") -> [256,417] | N41: =_xlfn.CONCAT("[", I41, ",", H41, "]") -> [256,548] | O41: =_xlfn.CONCAT("[", K41, ",", J41, "]") -> [312,548] | P41: =_xlfn.CONCAT(L41, ",", M41, ",", N41, ",", O41, ",", L41) -> [312,417],[256,417],[256,548],[312,548],[312,417]
